
1, Elexis Falceso, 4 - Love, 17:07:09, 12-22-2023, Present
1, Elexis Falceso, 4 - Love, 21:46:11, 12-26-2023, Present
1, Elexis Falceso, 4 - Love, 08:57:06, 12-27-2023, Present
2, Ephraim Falceso, 4 - Love, 09:08:54, 12-27-2023, Present
3, Mark Xucker Burg, 4 - Kind, 09:34:10, 12-27-2023, Present
1, Elexis Falceso, 4 - Love, 22:03:05, 2023-12-28, Present
2, Ephraim Falceso, 4 - Love, 22:03:05, 2023-12-28, Present
1, Elexis Falceso, 4 - Love, 10:26:59, 2023-12-29, Present
2, Ephraim Falceso, 4 - Love, 10:28:52, 2023-12-29, Present
1, Elexis Falceso, 4 - Love, 18:53:34, 2024-01-21, Present